Id,name,author_id,price,description,is_published,image,category_id
1,"–°–∏–±–∏—Ä—Å–∫–∞—è –∫–æ—Ç—è—Ç–∞, 3 –º–µ—Å—è—Ü–∞",1,2500,"–ü—Ä–æ–¥–∞—é —Å–∏–±–∏—Ä—Å–∫–∏—Ö –∫–æ—Ç—è—Ç, –≤–æ–∑–≤—Ä–∞—Å—Ç 3 –º–µ—Å—è—Ü–∞.
–û—á–µ–Ω—å –º–∏–ª—ã–µ –∏ —Ä—É—á–Ω—ã–µ.
–õ–æ—Ç–æ—á–µ–∫ –∑–Ω–∞—é—Ç –Ω–∞ –ø—è—Ç–µ—Ä–∫—É, –∫—É—à–∞—é—Ç –ø—Ä–µ–º–∏—É–º –∫–æ—Ä–º.
–ñ–¥—É—Ç –ª—é–±—è—â–∏—Ö –∏ –∑–∞–±–æ—Ç–ª–∏–≤—ã—Ö —Ö–æ—è–µ–≤. –ë–æ–ª—å—à–µ —Ñ–æ—Ç–æ–≥—Ä–∞—Ñ–∏–π –æ—Ç–ø—Ä–∞–≤–ª—é –≤ –ª–∏—á–∫—É, —Ü–µ–Ω–∞ —É–∫–∞–∑–∞–Ω–∞ –∑–∞ 1 –∫–æ—Ç–µ–Ω–∫–∞.",TRUE,images/post1.jpg,1
2,"–°—Ç—Ä–∞—Ç–µ–≥–∏—è –≥–æ–ª—É–±–æ–≥–æ –æ–∫–µ–∞–Ω–∞
",1,650,"–¢–≤–µ—Ä–¥—ã–π –ø–µ—Ä–µ–ø–ª–µ—Ç, —Å–æ—Å—Ç–æ—è–Ω–∏–µ –ø—Ä–µ–∫—Ä–∞—Å–Ω–æ–µ. –ü–æ –≤—Å–µ–º –≤–æ–ø—Ä–æ—Å–∞–º –ª—É—á—à–µ –ø–∏—Å–∞—Ç—å, –∑–≤–æ–Ω–æ–∫ –º–æ–≥—É –Ω–µ —É—Å–ª—ã—à–∞—Ç—å. –ü–µ—Ä–µ–¥–∞–º —É –º. –°—Ç—É–¥–µ–Ω—á–µ—Å–∫–∞—è.",TRUE,images/post2.png,3
3,"–ü—Ä–∏–Ω—Ü–∏–ø—ã, –†—ç–π –î–∞–ª–∏–æ",5,555,"–¢–≤–µ—Ä–¥—ã–π –ø–µ—Ä–µ–ø–ª–µ—Ç, —Å–æ—Å—Ç–æ—è–Ω–∏–µ —Ö–æ—Ä–æ—à–µ–µ. –í—Å—Ç—Ä–µ—á—É—Å—å —É –º–µ—Ç—Ä–æ —É –º. –ß–µ—Ä–∫–∏–∑–æ—Å–∫–∞—è –∏–ª–∏ –Ω–∞ –∫–æ–ª—å—Ü–µ–≤–æ–π.",TRUE,images/post3.png,3
4,–†–∞–∑—É–º–Ω—ã–π –∏–Ω–≤–µ—Å—Ç–æ—Ä,5,250,"–¢–≤–µ—Ä–¥—ã–π –ø–µ—Ä–µ–ø–ª–µ—Ç, —Å–æ—Å—Ç–æ—è–Ω–∏–µ –Ω–æ—Ä–º–∞–ª—å–Ω–æ–µ. –í—Å—Ç—Ä–µ—á—É—Å—å —É –º–µ—Ç—Ä–æ —É –º. –ß–µ—Ä–∫–∏–∑–æ—Å–∫–∞—è –∏–ª–∏ –Ω–∞ –∫–æ–ª—å—Ü–µ–≤–æ–π–µ",TRUE,images/post4.jpg,3
5,–†–æ–∑–∞–Ω–æ–≤ –í. –í. –£–µ–¥–∏–Ω–µ–Ω–Ω–æ–µ,10,100,"–ü–µ—Ä–µ–¥–∞–º –Ω–∞ –ß–µ—Ä–Ω—ã—à–µ–≤—Å–∫–æ–π, –ø–æ –≤–æ–ø—Ä–æ—Å–∞–º - –ª—É—á—à–µ –∑–≤–æ–Ω–∏—Ç–µ.",TRUE,images/post5.png,3
6,"Alice Sebold - The lovely bone
",8,250,"–ò–¥–µ–∞–ª—å–Ω–æ –¥–ª—è –∏–∑—É—á–µ–Ω–∏—è —è–∑—ã–∫–∞, –∫–Ω–∏–≥–∞ –≤ —Ö–æ—Ä–æ—à–µ–º —Å–æ—Å—Ç–æ—è–Ω–∏–∏ –±–µ–∑ –ø–æ–º–µ—Ç–æ–∫ –∫–∞—Ä–∞–Ω–¥–∞—à–æ–º. –ö–Ω–∏–≥–∞ –≤ –º—è–≥–∫–æ–º –ø–µ—Ä–µ–ø–ª–µ—Ç–µ (!!). –ü–µ—Ä–µ–¥–∞–º —É –º–µ—Ç—Ä–æ.",TRUE,images/post6.jpg,3
7,–ö–æ—Ç—è—Ç–∞ –≤ –¥–æ–±—Ä—ã–µ —Ä—É–∫–∏,5,100,"–ö–æ—Ç—è—Ç–∞ –∏–∑ –ø—Ä–∏—é—Ç–∞. –õ–∞—Å–∫–æ–≤—ã–µ –∏ –∞–¥–∞–ø—Ç–∏—Ä–æ–≤–∞–Ω—ã–µ. –õ–æ—Ç–æ–∫ –∑–Ω–∞—é—Ç –Ω–∞ 5, —Å—Ç–æ—è—Ç –≤—Å–µ –ø—Ä–∏–≤–∏–≤–∫–∏. –ì–æ—Ç–æ–≤—ã–µ –ø–µ—Ä–µ–∑–∂–∞—Ç—å –≤ –Ω–æ–≤—ã–π –¥–æ–º. –ë–æ–ª—å—à–µ —Ñ–æ—Ç–æ–≥—Ä–∞—Ñ–∏–π —Å–∫–∏–Ω—É –≤ –ª–∏—á–∫—É) ",TRUE,images/post7.jpg,1
8,–ú–æ–ª–æ–¥–∞—è –∫–æ—à–µ—á–∫–∞ –ì—Ä—É—à–∞,5,100,"–ì—Ä—É—à–∞ - —Å–ª–∞–¥–∫–∞—è, —è—Ä–∫–∞—è –∏ –æ—á–µ–Ω—å –º–∏–ª–∞—è –∫–æ—à–∫–∞! –ü—Ä–µ–¥–ø–æ—á–∏—Ç–∞–µ—Ç –¥–µ—Ä–∂–∞—Ç—å—Å—è –æ—Ç—Å—Ç—Ä–∞–Ω–µ–Ω–Ω–æ, –Ω–æ –º—ã —É–≤–µ—Ä–µ–Ω—ã, —á—Ç–æ –≤ –∂–∏–∑–Ω–∏ –∫–∞–∂–¥–æ–π –ø—É–≥–ª–∏–≤–æ–π –∫–æ—à–∫–∏ —Ä–∞–Ω–æ –∏–ª–∏ –ø–æ–∑–¥–Ω–æ –ø–æ—è–≤–ª—è–µ—Ç—Å—è —á–µ–ª–æ–≤–µ–∫, –∫–æ—Ç–æ—Ä–æ–º—É –æ–Ω–∏ –±—É–¥—É—Ç –¥–æ–≤–µ—Ä—è—Ç—å. –î–∞–≤–∞–π—Ç–µ –ø–æ–º–æ–∂–µ–º –µ–π –Ω–∞–π—Ç–∏ —Ç–∞–∫–æ–≥–æ —á–µ–ª–æ–≤–µ–∫–∞! –û—Ç–¥–∞–µ—Ç—Å—è –ø–æ–¥ –¥–æ–≥–æ–≤–æ—Ä —Å –Ω–µ–Ω–∞–≤—è–∑—á–∏–≤—ã–º –æ—Ç—Å–ª–µ–∂–∏–≤–∞–Ω–∏–µ–º.",TRUE,images/post8.jpg,1
9,–°–æ–±–∞–∫–∞ –≤ –¥–æ–±—Ä—ã–µ —Ä—É–∫–∏,5,150,"–ó–Ω–∞–∫–æ–º—å—Ç–µ—Å—å - –®–µ—Ä–∏! –ò—â–µ—Ç —Ö–æ–∑—è–µ–≤, –¥–ª—è –∫–æ—Ç–æ—Ä—ã—Ö –±—ã–ª–∞ –±—ã –µ–¥–∏–Ω—Å—Ç–≤–µ–Ω–Ω–æ–π –ª—é–±–∏–º–∏—Ü–µ–π, —Ç–∞–∫ –∫–∞–∫ –¥–µ–ª–∏—Ç—å –≤–Ω–∏–º–∞–Ω–∏–µ –∏ –ª—é–±–æ–≤—å —Ö–æ–∑—è–∏–Ω–∞ —Å –¥—Ä—É–≥–∏–º–∏ –∂–∏–≤–æ—Ç–Ω—ã–º–∏ –µ–π —Å–æ–≤—Å–µ–º –Ω–µ —Ö–æ—á–µ—Ç—Å—è. –û—Ç–¥–∞–µ—Ç—Å—è –ø–æ–¥ –¥–æ–≥–æ–≤–æ—Ä —Å –Ω–µ–Ω–∞–≤—è–∑—á–∏–≤—ã–º –æ—Ç—Å–ª–µ–∂–∏–≤–∞–Ω–∏–µ–º.",TRUE,images/post9.jpg,2
10,–°–æ–±–∞–∫–∞ –î—É—Å—è –≤ –¥–æ–±—Ä—ã–µ —Ä—É–∫–∏,5,150,"–ò—Å—Ç–æ—Ä–∏—è –µ—ë –ø–æ–ø–∞–¥–∞–Ω–∏—è –≤ –ø—Ä–∏—é—Ç —Å—Ç–∞—Ä–∞, –∫–∞–∫ –º–∏—Ä: –∂–∏–ª –±—ã–ª –¥–æ–±—Ä—ã–π —á–µ–ª–æ–≤–µ–∫, –∫–æ—Ç–æ—Ä—ã–π –æ—á–µ–Ω—å –ª—é–±–∏–ª –∂–∏–≤–æ—Ç–Ω—ã—Ö –∏ –≤ –æ–¥–∏–Ω –º–∏–≥ –≤—Å—ë –∑–∞–∫–æ–Ω—á–∏–ª–æ—Å—å...–≤–º–µ—Å—Ç–æ —Ä–∞–¥–æ—Å—Ç–∏ –∏ –ª—é–±–≤–∏ –≤ –∏—Ö –¥–æ–º –ø—Ä–∏—à–ª–∞ —Å–º–µ—Ä—Ç—å üòî  –î–∞–≤–∞–π—Ç–µ –≤–º–µ—Å—Ç–µ –Ω–∞–π–¥—ë–º –¥–ª—è –ë–∞–±—É—Å–∏ –î—É—Å–∏ –Ω–æ–≤—ã–π –¥–æ–º –∏–ª–∏ —Ö–æ—Ç—è –±—ã –ø–µ—Ä–µ–¥–µ—Ä–∂–∫—É...–æ–Ω–∞ –∑–∞–º–µ—á–∞—Ç–µ–ª—å–Ω–∞—è, –¥–æ–±—Ä–∞—è –∏ –º–∏–ª–∞—è —Å–æ–±–∞–∫–∞, –∫–æ—Ç–æ—Ä–∞—è —Ç–æ—á–Ω–æ –∑–∞—Å–ª—É–∂–∏–≤–∞–µ—Ç –≤—Ç–æ—Ä–æ–≥–æ —à–∞–Ω—Å–∞ –Ω–∞ —Å—á–∞—Å—Ç–ª–∏–≤—É—é –∂–∏–∑–Ω—å! üôèüèª –û—Ç–¥–∞–µ—Ç—Å—è –ø–æ–¥ –¥–æ–≥–æ–≤–æ—Ä —Å –Ω–µ–Ω–∞–≤—è–∑—á–∏–≤—ã–º –æ—Ç—Å–ª–µ–∂–∏–≤–∞–Ω–∏–µ–º.",FALSE,images/post10.jpg,2
11,–°—Ç–æ–ª –∏–∑ —Å–ª—ç–±–∞ –∏ —ç–ø–æ–∫—Å–∏–¥–Ω–æ–π —Å–º–æ–ª—ã,6,24000,,TRUE,images/post11.jpg,5
12,–°–æ–±–∞–∫–∞ –≤ –¥–æ–±—Ä—ã–µ —Ä—É–∫–∏,6,1500,"–í–µ—Å–µ–Ω–Ω—è—è –∏ –ª—É–∫–∞–≤–∞—è –ù–æ—Ä–æ—á–∫–∞ –Ω–µ —É–Ω—ã–≤–∞–µ—Ç –∏ —Ç–µ—Ä–ø–µ–ª–∏–≤–æ –∂–¥—ë—Ç –µ–¥–∏–Ω—Å—Ç–≤–µ–Ω–Ω–æ–≥–æ –∏ –Ω–µ–ø–æ–≤—Ç–æ—Ä–∏–º–æ–≥–æ —Ö–æ–∑—è–∏–Ω–∞! –ù–æ—Ä–∞ - —Å–æ–±–∞–∫–∞ –¥–ª—è —Ç–µ–ø–ª–∞, –ª—é–±–≤–∏ –∏ –∞–∫—Ç–∏–≤–Ω–æ–≥–æ –≤—Ä–µ–º—è–ø—Ä–µ–ø—Ä–æ–≤–æ–∂–¥–µ–Ω–∏—è! –ï—Å–ª–∏ –í—ã –¥–∞–≤–Ω–æ –∏—â–∏—Ç–µ –∫–æ–º–ø–∞–Ω—å–æ–Ω–∞ –∏ –¥—Ä—É–≥–∞, —Ç–æ –ù–æ—Ä–∞ –æ—á–µ–Ω—å –í–∞—Å –∂–¥—ë—Ç!",TRUE,images/post12.jpg,2
13,–ú–µ—Ç–∏—Å –æ–≤—á–∞—Ä–∫–∏ –≤ –¥–æ–±—Ä—ã–µ —Ä—É–∫–∏,7,400,"–†–æ–∫—Å–∞–Ω–∞ - –∏–¥–µ–∞–ª—å–Ω–∞—è —Å–æ–±–∞–∫–∞ –¥–ª—è —Å–ø–æ–∫–æ–π–Ω—ã—Ö –ª—é–¥–µ–π, –∫–æ—Ç–æ—Ä—ã–µ –ª—é–±—è—Ç –ø—Ä–æ–≤–æ–¥–∏—Ç—å —Ç–∏—Ö–∏–µ –≤–µ—á–µ—Ä–∞ –¥–æ–º–∞ –ø–µ—Ä–µ–¥ —Ç–µ–ª–µ–≤–∏–∑–æ—Ä–æ–º –∏–ª–∏ –∑–∞ —á—Ç–µ–Ω–∏–µ–º –∫–Ω–∏–∂–∫–∏. –†–æ–∫—Å–∞–Ω–∞ –æ—á–µ–Ω—å –∑–∞–≤–∏—Å–∏—Ç –æ—Ç —á–µ–ª–æ–≤–µ–∫–∞, –ø—Ä–∏–≤—è–∑—ã–≤–∞–µ—Ç—Å—è, –¥–æ–≤–µ—Ä—è–µ—Ç –∏ –≥–æ—Ç–æ–≤–∞ –≤—Å–µ–≥–¥–∞ —Ö–æ–¥–∏—Ç—å —Ö–≤–æ—Å—Ç–∏–∫–æ–º. –†–æ–∫—Å–∞–Ω–∞ –æ—á–µ–Ω—å –ª—é–±–∏—Ç —Å–ø–æ–∫–æ–π—Å—Ç–≤–∏–µ, —Ç–∏—à–∏–Ω—É, –Ω–µ –ª—é–±–∏—Ç –ø–ª–æ—Ö—É—é –ø–æ–≥–æ–¥—É –∏ –¥–ª–∏—Ç–µ–ª—å–Ω—ã–µ –ø—Ä–æ–≥—É–ª–∫–∏. –î–µ–≤–æ—á–∫–∞ –º–æ–ª–æ–¥–∞, —Å—Ç–µ—Ä–∏–ª–∏–∑–æ–≤–∞–Ω–∞, –ø—Ä–∏–≤–∏—Ç–∞, –∑–¥–æ—Ä–æ–≤–∞!",TRUE,images/post13.jpg,2
14,"–ß–µ—Ä–µ–Ω–∫–∏ –ø–µ—Ç—É–Ω–∏–∏, —Ä–∞—Å—Å–∞–¥–∞ —Ü–≤–µ—Ç–æ–≤, –æ–≤–æ—â–µ–π",7,120,"–ü—Ä–∏–Ω–∏–º–∞–µ–º –∑–∞–∫–∞–∑—ã –Ω–∞ 2022 –≥–æ–¥ –Ω–∞ —É–∫–æ—Ä–µ–Ω—ë–Ω–Ω—ã–µ —á–µ—Ä–µ–Ω–∫–∏ –∞–º–ø–µ–ª—å–Ω–æ–π –ø–µ—Ç—É–Ω–∏–∏
(–±–æ–ª–µ–µ 30 —Å–æ—Ä—Ç–æ–≤) –∏ –¥—Ä—É–≥–∏—Ö —Ü–≤–µ—Ç–æ–≤. ",TRUE,images/post14.jpg,4
15,–ì–∞—Ä–¥–µ–Ω–∏—è –ñ–∞—Å–º–∏–Ω–æ–≤–∏–¥–Ω–∞—è,7,550,"–ì–∞—Ä–¥–µ–Ω–∏—è –ñ–∞—Å–º–∏–Ω–æ–≤–∞—è
–û—á–µ–Ω—å –∞—Ä–æ–º–∞—Ç–Ω—ã–µ –¶–≤–µ—Ç—ã (–∑–∞–ø–∞—Ö –∑–µ–ª—ë–Ω–æ–≥–æ —á–∞—è).
–õ—é–±–æ–π –∫—É—Å—Ç–∏–∫ 550‚ÇΩ.",TRUE,images/post15.jpg,4
16,"–ü–µ—Ç—É–Ω–∏—è, –∫—Ä–µ–π–∑–∏—Ç—É–Ω–∏—è, –±–ª–µ–Ω–∫–µ—Ç, —Å—É—Ä—Ñ–∏–Ω–∏—è, –∫–∞–ª–∏–±",10,89,"–ü—Ä–æ–¥–∞–º —á–µ—Ä–µ–Ω–∫–∏ –ø–µ—Ç—É–Ω–∏–∏ –∫—Ä–µ–π–∑–∏—Ç—É–Ω–∏–∏, —Å—É—Ä—Ñ–∏–Ω–∏–∏, –ø–µ—Ç—Ö–æ–∞, –∫–∞–ª–∏–±—Ä–∞—Ö–æ–∞, –∫–∞—Å–∫–∞–¥–∏–∞—Å, —Ç–∞–º–±–µ–ª–∏–Ω–∞, –±—å—é—Ç–∏–∫–∞–ª, –±–æ–Ω–∏, –±–ª–µ–Ω–∫–µ—Ç. –¶–µ–Ω–∞ 89 —Ä.",TRUE,images/post16.jpg,4
17,–î–æ–±—Ä—ã–π –ø–µ—Å–∏–∫ –∏—â–µ—Ç —Ö–æ–∑—è–∏–Ω–∞,10,150,"–ï—Ä—ë–º–∞ - –∫–æ–Ω–∏–∫ –≤ –º–∏–Ω–∏–∞—Ç—é—Ä–µ! –°–ª–∞–≤–Ω—ã–π, —Å–º–µ—à–Ω–æ–π –∏ –æ—á–µ–Ω—å –∞–∫—Ç–∏–≤–Ω—ã–π, –æ–Ω –∏—â–µ—Ç —Ö–æ–∑—è–µ–≤, –∫–æ—Ç–æ—Ä—ã–µ –±—ã —Å–º–æ–≥–ª–∏ –¥–∞—Ç—å –µ–º—É –¥–æ—Å—Ç–∞—Ç–æ—á–Ω–æ–µ –∫–æ–ª–∏—á–µ—Å—Ç–≤–æ –ø—Ä–æ–≥—É–ª–æ–∫ –Ω–∞ —Å–≤–µ–∂–µ–º –≤–æ–∑–¥—É—Ö–µ, –∑–∞–¥–æ—Ä–Ω—ã—Ö –∏–≥—Ä –∏ –≤–Ω–∏–º–∞–Ω–∏—è, –∫–æ—Ç–æ—Ä–æ–µ –æ–Ω —Ç–∞–∫ –∑–∞—Å–ª—É–∂–∏–≤–∞–µ—Ç. –ï—Ä—ë–º–∞ —Å–æ–≤—Å–µ–º –º–æ–ª–æ–¥–æ–π, –µ–º—É –æ–∫–æ–ª–æ –≥–æ–¥–∞. –û–Ω –ø—Ä–∏—É—á–µ–Ω –∫ –¥–æ–º–∞—à–Ω–µ–π –∂–∏–∑–Ω–∏ –∏ –≤—ã–≥—É–ª—É –Ω–∞ —É–ª–∏—Ü–µ. –ü—Ä–∏ –ø–µ—Ä–≤–æ–º –∑–Ω–∞–∫–æ–º—Å—Ç–≤–µ –æ–Ω –º–æ–∂–µ—Ç –Ω–µ–º–Ω–æ–≥–æ —Å—Ç–æ—Ä–æ–Ω–∏—Ç—å—Å—è –Ω–æ–≤—ã—Ö –ª—é–¥–µ–π, –Ω–æ —ç—Ç–æ –±—ã—Å—Ç—Ä–æ –ø—Ä–æ–π–¥–µ—Ç, —Å—Ç–æ–∏—Ç –µ–º—É –ª–∏—à—å –ø–æ–ª—É—á—à–µ –í–∞—Å —É–∑–Ω–∞—Ç—å. –¢–∞–∫–æ–µ —á—É–¥–æ –∑–∞—Å–ª—É–∂–∏–≤–∞–µ—Ç –∑–∞–º–µ—á–∞—Ç–µ–ª—å–Ω—ã—Ö —Ö–æ–∑—è–µ–≤!",FALSE,images/post17.jpg,2
18,"–°—Ç–æ–ª –ª–æ—Ñ—Ç –±–æ–ª—å—à–æ–π
",1,13800,"–°—Ç–æ–ª –æ—Ç–ª–∏—á–Ω–æ –ø–æ–¥–æ–π–¥—ë—Ç –∫–∞–∫ –ø–æ–¥ –æ–±–µ–¥–µ–Ω–Ω—ã–π —Ç–∞–∫ –∏ –¥–ª—è –ø–µ—Ä–µ–≥–æ–≤–æ—Ä–æ–≤, —Ä–∞–∑–º–µ—Ä 200/100 —Å–º, –≤—ã—Å–æ—Ç–∞ —Å—Ç–∞–Ω–¥–∞—Ä—Ç–Ω–∞—è 75 —Å–º. –í—ã–ø–æ–ª–Ω–µ–Ω –∏–∑ –º–∞—Å—Å–∏–≤–∞ —Å–æ—Å–Ω—ã. –ú–æ–∂–Ω–æ —Å–¥–µ–ª–∞—Ç—å —Ç–∞–∫–∂–µ –∏–∑ —è—Å–µ–Ω—è, –¥—É–±–∞. ",TRUE,images/post18.jpg,5
19,–°—Ç–æ–ª –ø—Ä—è–º–æ–π –ø—Ä—è–º —Ö–æ—Ä–æ—à–∏–π,10,1800,–ü—Ä–æ–¥–∞—é —Å—Ç–æ–ª—ã –ø–æ—Ç–æ–º—É —á—Ç–æ –æ—Å—Ç–∞–ª–∏—Å—å –Ω–µ –≤–æ—Å—Ç—Ä–µ–±–æ–≤–∞–Ω—ã–º–∏. –õ–∏—à–∫–∏ –∫–æ–º–ø–∞–Ω–∏–∏. –£—à–ª–∏ –Ω–∞ —É–¥–∞–ª–µ–Ω–∫—É. –†–∞–∑–º–µ—Ä—ã : 140/70 —Å–º. –í—Å–µ–≥–æ 4-6 —à—Ç. –¢–∞–∫ –∂–µ –µ—Å—Ç—å —Ç–∞–∫–æ–≥–æ —Ü–≤–µ—Ç–∞ –∏ –¥—Ä—É–≥–∞—è –º–µ–±–µ–ª—å. –°–ú–û–¢–†–ò–¢–ï –í –ü–†–û–§–ò–õ–ï –ú–û–ï–ú.,TRUE,images/post19.jpg,5
20,–ö–æ—Ç–µ–Ω–æ–∫ –≤ –¥–æ–±—Ä—ã–µ —Ä—É–∫–∏,7,100,"–°–∞—Ç–æ—à–∏ –ü–µ—Å—Ç—Ä—É—à–∫–∏–Ω - —Å–ø–∞—Å—ë–Ω–Ω—ã–π –∏–∑ –ø–æ–¥–≤–∞–ª–∞ –º–∞–ª—ã—à, –∫–æ—Ç–æ—Ä–æ–º—É –ø–æ—Å–ª–µ–¥–Ω–µ–º—É –∏–∑ –±—Ä–∞—Ç—å–µ–≤ –ø–æ—Å—á–∞—Å—Ç–ª–∏–≤–∏–ª–æ—Å—å –æ–∫–∞–∑–∞—Ç—å—Å—è –Ω–∞ –ø–µ—Ä–µ–¥–µ—Ä–∂–∫–µ! –ï–≥–æ –±—Ä–∞—Ç—Ü—ã —É–∂–µ –¥–æ–º–∞, –∞ –°–∞—Ç–æ—à–∏ —Ç–æ–ª—å–∫–æ-—Ç–æ–ª—å–∫–æ –Ω–∞—á–∏–Ω–∞–µ—Ç —Å–≤–æ–π –ø—É—Ç—å. –ï–º—É –æ–∫–æ–ª–æ 2 –º–µ—Å—è—Ü–µ–≤, –æ–Ω —É–∂–µ –ø—Ä–æ—à–µ–ª –∫–∞—Ä–∞–Ω—Ç–∏–Ω –∏ –∞–∫—Ç–∏–≤–Ω–æ –æ–±—É—á–∞–µ—Ç—Å—è —Ö–æ—Ä–æ—à–∏–º –º–∞–Ω–µ—Ä–∞–º. –ö–æ—Ç—ë–Ω–æ–∫ –æ—á–µ–Ω—å —Å–ø–æ–∫–æ–π–Ω—ã–π, –Ω–µ–º–Ω–æ–≥–æ —Ä–æ–±–∫–∏–π –∏ —Å—Ç–µ—Å–Ω–∏—Ç–µ–ª—å–Ω—ã–π, –Ω–æ –≤ –ª—é–±—è—â–∏—Ö —Ä—É–∫–∞—Ö –æ–Ω –Ω–µ–∂–Ω–æ –∏ –ª–∞—Å–∫–æ–≤–æ –º—É—Ä—á–∏—Ç! –ü–∏—à–∏—Ç–µ –Ω–∞–º –≤ —Å–æ–æ–±—â–µ–Ω–∏—è –∏ –ø—Ä–∏–µ–∑–∂–∞–π—Ç–µ –∑–Ω–∞–∫–æ–º–∏—Ç—å—Å—è.",TRUE,images/post20.jpg,1